,chain,resi,resn,p(bind)
0,A,1,S,0.0032592553
1,A,2,V,0.013810559
2,A,3,K,0.020623628
3,A,4,S,0.0019897239
4,A,5,E,0.007290734
5,A,6,Y,0.52648383
6,A,7,A,0.014599698
7,A,8,E,0.004461754
8,A,9,A,0.7943638
9,A,10,A,0.7022276
10,A,11,A,0.010416397
11,A,12,V,0.1568447
12,A,13,G,0.9690927
13,A,14,Q,0.26890665
14,A,15,E,0.022127872
15,A,16,A,0.9740734
16,A,17,V,0.95991796
17,A,18,A,0.017412046
18,A,19,V,0.023214234
19,A,20,F,0.846808
20,A,21,N,0.030542746
21,A,22,T,0.00729785
22,A,23,M,0.11706649
23,A,24,K,0.05629271
24,A,25,A,0.009777909
25,A,26,A,0.022565572
26,A,27,F,0.0309452
27,A,28,Q,0.018943591
28,A,29,N,0.0051071155
29,A,30,G,0.009116062
30,A,31,D,0.018730631
31,A,32,K,0.034539547
32,A,33,E,0.028230108
33,A,34,A,0.007904804
34,A,35,V,0.034588143
35,A,36,A,0.05225979
36,A,37,Q,0.030617002
37,A,38,Y,0.023534939
38,A,39,L,0.16762026
39,A,40,A,0.01914591
40,A,41,R,0.012138259
41,A,42,L,0.67923206
42,A,43,A,0.12192588
43,A,44,S,0.02807754
44,A,45,L,0.31344783
45,A,46,Y,0.9639648
46,A,47,T,0.03892058
47,A,48,R,0.013956622
48,A,49,H,0.91568154
49,A,50,E,0.30331662
50,A,51,E,0.040189136
51,A,52,L,0.07939042
52,A,53,L,0.7338434
53,A,54,N,0.018959519
54,A,55,R,0.030778948
55,A,56,I,0.21623093
56,A,57,L,0.072927505
57,A,58,E,0.037584383
58,A,59,K,0.03455496
59,A,60,A,0.032794967
60,A,61,R,0.012839025
61,A,62,R,0.015618836
62,A,63,E,0.019776167
63,A,64,G,0.0034375174
64,A,65,N,0.07589593
65,A,66,K,0.008178579
66,A,67,E,0.009003939
67,A,68,A,0.050646745
68,A,69,V,0.023115968
69,A,70,T,0.008793224
70,A,71,L,0.014676302
71,A,72,M,0.18515605
72,A,73,N,0.010801394
73,A,74,E,0.02378247
74,A,75,F,0.89178
75,A,76,T,0.20845625
76,A,77,A,0.028024264
77,A,78,T,0.63311845
78,A,79,F,0.98082364
79,A,80,Q,0.28750816
80,A,81,T,0.17427927
81,A,82,G,0.8847468
82,A,83,K,0.4826887
83,A,84,S,0.08159708
84,A,85,I,0.15752238
85,A,86,F,0.7578139
86,A,87,N,0.04236103
87,A,88,A,0.024423812
88,A,89,M,0.19422689
89,A,90,V,0.06036243
90,A,91,A,0.017455345
91,A,92,A,0.034991115
92,A,93,F,0.040432576
93,A,94,K,0.014575783
94,A,95,N,0.009747471
95,A,96,G,0.007543581
96,A,97,D,0.028117536
97,A,98,D,0.028600853
98,A,99,D,0.008402983
99,A,100,S,0.006185687
100,A,101,F,0.056378715
101,A,102,E,0.01584322
102,A,103,S,0.00681436
103,A,104,Y,0.034825623
104,A,105,L,0.072220504
105,A,106,Q,0.050566822
106,A,107,A,0.032699313
107,A,108,L,0.93953
108,A,109,E,0.17899552
109,A,110,K,0.017834825
110,A,111,V,0.8252657
111,A,112,T,0.9800978
112,A,113,A,0.04720693
113,A,114,K,0.077260934
114,A,115,G,0.8837674
115,A,116,E,0.82321817
116,A,117,T,0.032856427
117,A,118,L,0.12189139
118,A,119,A,0.9260421
119,A,120,D,0.13891435
120,A,121,Q,0.022574719
121,A,122,I,0.2165217
122,A,123,A,0.078186765
123,A,124,K,0.004726763
124,A,125,A,0.0034446744
125,A,126,L,0.010092711
